Priority_Rank,S.No,Item name,Brand_Name,Category,Sub_Category,Ingredients,Serving_Size_g,Sugar_g,Total_Fat_g,OFF_UK_Barcode,OFF_UK_Match_Found_Y_N,Indian_Label_Verified_Y_N,Verification_Source_URL,Notes
1,184,7 Up Lemon Soft Drink,7 UP,JUICE,SODA,"Carbonated Water, Sugar, Acidity Regulators (330,Acidity Regulators 331,Acidity Regulators 296), Preservative (211)",100.0,11.7,0,,,,,
2,185,7UP Nimbooz Soft Drink,7 UP NIMBOOZ,JUICE,SODA,"Water, Sugar, Concentrated Lemon Juice (0.7%), Acidity Regulators 331(Iii),Acidity Regulators 296,Acidity Regulators 330, Flavour (Natural Flavouring Substances), Iodised Salt, Stabilizer (445(Iii)), Preservative (202)",100.0,10.6,0,,,,,
3,705,Betty Crocker Triple Chocolate Brownie Instant Cake Mix Powder,BETTY CROCKER,INSTANT FOOD,CAKE MIX,"Sugar, Refined Wheat Flour (Maida), Cocoa Powder (6.35%), Dark Compound Choco Chips (6.0%) (Sugar, Cocoa Solids, Hydrogenated Vegetable Oil (Palm), Dextrose, Emulsifier (Ins492, Ins322)), White Compound Chips (6%) (Sugar, Milk Solids, Edible Vegetable Fat (Palm), Emulsifier (Ins322)), Edible Vegetable Oil (Palm), Iodized Salt, Raising Agent (Is341(Ii)), Stabilizer (Ins415)",100.0,54.3,4.6,,,,,
4,593,Bournvita Biscuits,CADBURY,BISCUIT,BISCUIT,"Refined Wheat Flour (Maida) (56%), Sugar, Palmolein oil, Cereal Based Beverage Mix 5% [Cereal Extract (Barley, Millets, Wheat), Sugar, Cocoa Solids, Maltodextrin, Colour (15c), Minerals, Wheat Gluten, Liquid Glucose, Emulsifiers (322, 471), Milk Solids, Vitamins, Raising Agent (5(ii))], Flavours (Natural, Nature Identical and Artificial (VANILLA CAKE) Flavouring",100.0,28.3,15.3,,,,,
5,391,Bounty Miniatures Coconut Filled Chocolate Pack,BOUNTY,CHOCOLATE,CHOCOLATE BAR,"Milk chocolate coating (44%) (Sugar, Milk solids, Cocoa butter, Cocoa solids, Edible vegetable fat less than 5% (Palm oil). Emulsifier (322)); Centre filling (Desiccated coconut (18%), Sugar Liquid glucose, Emulsifier (471). Hu,ectant (422), Salt)",100.0,50,25.8,,,,,
6,401,Cadbury Bournville Cranberry 50% Dark CHOCOLATE BAR,CADBURY,CHOCOLATE,CHOCOLATE BAR,"Sugar, Cocoa Butter (24%), Cocoa Solids (18%), Dried Sweetened Cranberries (11%) (Cranberries, Sugar), Almonds (7%), Milk Solids, Emulsifiers (442, 476), Flavours (Natural and Nature Identical Flavouring Substances)",100.0,45.7,31.6,,,,,
7,402,Cadbury Bournville Fruit & Nut 50% Dark CHOCOLATE BAR,CADBURY,CHOCOLATE,CHOCOLATE BAR,"Sugar, Cocoa Butter (24%), Cocoa Solids (18%), Raisins (75%), Cashew Nuts (4%), Apricot Kernels (4%), Milk Solids, Emulsifiers (442, 476), Nature Identical Flavoring Substance",100.0,44.2,32.8,,,,,
8,400,Cadbury Bournville Rich Cocoa 70% Dark CHOCOLATE BAR,CADBURY,CHOCOLATE,CHOCOLATE BAR,"Cocoa Butter, Cocoa Solids, Emulsifiers (442, 476), Milk Solids, Nature Identical Flavouring Substances, and Sugar",100.0,20.4,47.4,,,,,
9,386,Cadbury Temptations Almond Treat Premium CHOCOLATE BAR,CADBURY,CHOCOLATE,CHOCOLATE BAR,"Sugar, Almonds (17%), Cocoa Butter, Milk Solids, Cocoa Solids, Fractionated Fat, Emulsifiers (442,476), Flavours (Natural, Nature Identical And Artificial (VANILLA CAKE) Flavouring Substances). Contains Cocoa Butter Equivalent In Addition To Cocoa Butter.Allergen Information: Contains Milk, Almonds, Soy May Contain Other Tree Nuts",100.0,45.2,35,,,,,
10,389,Cadbury Temptations Rum & Raisins Premium CHOCOLATE BAR,CADBURY,CHOCOLATE,CHOCOLATE,"Sugar, Raisins (18%), Cocoa Butter, Cocoa Solids, Milk Solids, Fractionated Fat, Emulsifiers (442, 476), Flavours (Natural, Nature Identical, and Artificial (Rum, Raisin, VANILLA CAKE) Flavouring Substances)",100.0,57,26,,,,,
11,771,Bournvita Chocolate,CADBURY,INSTANT FOOD,MALT,"Cereal Extract 56% (Barley, Millets, Wheat), Sugar, Cocoa Solids, Maltodextrin, Colour (150C), Minerals, Wheat Gluten, Liquid Glucose, Emulsifiers (322, 471), Milk Solids, Vitamins, Raising Agent (500(I), Flavours (Natural, Nature Identical, Artificial (VANILLA CAKE) Flavouring Substances), and Iodised Salt",100.0,46,1.8,,,,,
12,451,Cadbury 5 Star 3D CHOCOLATE BAR,CADBURY,CHOCOLATE,CHOCOLATE BAR,"Sugar, Liquid Glucose, Milk Solids (14%), Hydrogenated Vegetable Fat, Cocoa Solids (6%), Rice Crispies (2.8%), Cocoa Butter, Edible Salt, Hydrolysed Vegetable Protein [1, 4, 5, 8]. Centre filling 67%*- Sugar, liquid Glucose, Hydrogenated Vegetable Fat, Milk Solids, Wheat Crispies 5%(Refined Wheat Flour, Sugar, Corn Starch, Edible Salt, Palm Kernel Oil, Leavening Agents (450(i), 500(ii),341 (i)), Edible Vegetable Fat, Invert Sugar, Cocoa Solids, Humectant (422), Emulsifiers (322, 471), Lactose, Edible Salt . Milk Chocolate 33% - Sugar, Cocoa Butter, Milk Solids, Lactose, Cocoa Solids, Emulsifiers (442, 476). CONTAINS ADDED FLAVOUR (NATURAL , NATURE IDENTICAL AND ARTIFICIAL (CARAMEL AND ETHYL VANILLIN) FLAVOURING SUBSTANCES) .",100.0,49.2,27,,,,,
13,358,Cadbury 5 Star CHOCOLATE BAR,CADBURY,CHOCOLATE,CHOCOLATE BAR,"Sugar Boiled Confectionery. Ingredients: Sugar, Liquid Glucose, Milk Solids, Invert Sugar, Hydrogenated Oil, Cocoa Solids, Cocoa Butter, Fractionated Fat, Emulsifiers (442, 471, 476), Hydrolyzed Vegetable Protein, Iodised Salt, Flavours (Natural, Nature Identical And Artificial (Milk, Caramel And VANILLA CAKE) Flavouring Substances). Allergen Information: Contains Milk, Soy, Sulphites. May Contain Peanut, Wheat, Barley And Tree Nut.",100.0,55.5,15.9,,,,,
14,406,Cadbury Bournville Rich Cocoa 50% Dark CHOCOLATE BAR,CADBURY,CHOCOLATE,CHOCOLATE BAR,"Sugar, Cocoa Butter (29%), Cocoa Solids (22%), Milk Solids, Emulsifiers (442, 476), Nature Identical Flavoring Substances",100.0,45.1,34.3,,,,,
15,493,Cadbury Choclairs Gold Candy,CADBURY,CHOCOLATE,CANDY,"Liquid Glucose, Sugar, Hydrogenated Vegetable Oil, Milk Solids, Edible Vegetable Oils (Rice Bran Oil, Palmolein, Palm Kernel Oil), Cocoa Solids (1.4%*), Humectant (422), Emulsifiers (471,442,476), Stabilizer (414), Iodised Salt, Flavours (Natural, Nature Identical and Artificial (Caramel and VANILLA CAKE) Flavouring Substances)",100.0,47.5,15.7,,,,,
16,376,Cadbury Dairy Milk Bites Hazelnut Chocolate Pack,CADBURY,CHOCOLATE,CHOCOLATE,"Milk Chocolate (Sugar, Milk Solids, Cocoa Butter, Cocoa Solids, Fractionated Fat, Emulsifiers (442, 476), Natural Flavours, Nature Identical and Artificial VANILLA CAKE Flavouring), Hazelnuts, Glazing Agent (904), Stabilizers (414, 1400), Sugar, Liquid Glucose",100.0,42.1,37.8,,,,,
17,356,Cadbury Dairy Milk Chocolate Bar,CADBURY,CHOCOLATE,CHOCOLATE BAR,"Sugar, Milk Solids (23%), Cocoa Butter, Cocoa Solids, Emulsifiers (442, 476), Flavours (Natural, Nature Identical, and Artificial VANILLA CAKE)",100.0,57,29,,,,,
18,365,Cadbury Dairy Milk Crispello CHOCOLATE BAR,CADBURY,CHOCOLATE,CHOCOLATE BAR,"Milk Chocolate 50%- Sugar, Milk Solids (11%), Cocoa Butter, Cocoa Solids, Emulsifiers (442, 476), Flavours (Natural, Nature Identical and Artificial (VANILLA CAKE) Flavouring Substances), Centre 50%- Sugar, Fractionated Fat, Wheat Crispies 11% (Refined Wheat Flour (Maida), Sugar, Corn Starch, Cocoa Solids, Iodised Salt, Palm Kernel Oil, Leavening Agents (450(I), 500(I), 341(I))), Corn Starch, Cocoa Solids, Emulsifiers (442, 476), Iodised Salt, and Artificial (VANILLA CAKE) Flavouring Substances",100.0,50.2,27.6,,,,,
19,362,Cadbury Dairy Milk Fruit & Nut CHOCOLATE BAR,CADBURY,CHOCOLATE,CHOCOLATE BAR,"Sugar, Milk Solids (18%), Cocoa Butter, Dry Fruit (Raisins (10%)), Cocoa Solids, Almonds (9%), Fractionated Fat, Emulsifiers (442, 476), Flavours (Natural, Nature Identical and Artificial (VANILLA CAKE) Flavouring Substances). Contains Cocoa Butter Equivalent In Addition To Cocoa Butter",100.0,54.4,28.4,,,,,
20,394,Cadbury Dairy Milk Lickables Chocolate with Oreo Chunks,CADBURY,CHOCOLATE,CHOCOLATE,"Sugar, Palm Superolein, Milk Solids (11%), Biscuit 10% (Refined Wheat Flour (Maida), Sugar, Palmolein, Invert Sugar, Cocoa Solids, Leavening Agents (500)(i), 503(i), lodised Salt, Emulsifier (322), Flavours (Artificial (VANILLA CAKE) Flavouring Substances)), Cocoa Solids, Wheat crispies 5%* (Refined Wheat Flour (Maida), Sugar, Starch, lodised Salt, Cocoa Powder, Palm Kernel Oil, Leavening Agents (450 (1), 500(i), 341 (1))), Mineral, Stabilizing Agent (1400), Hydrogenated Vegetable Fat, Emulsifiers (442, 476), Flavours (Natural, Nature Identical, Artificial (Caramel and VANILLA CAKE) Flavouring Substances)",100.0,48.8,25.9,,,,,
21,379,Cadbury Dairy Milk Silk Bubbly CHOCOLATE BAR,CADBURY,CHOCOLATE,CHOCOLATE BAR,"Sugar, Milk Solids (25%), Cocoa Butter, Cocoa Solids, Emulsifiers (442, 476), Flavours (Natural, Nature Identical, and Artificial (VANILLA CAKE) Flavouring Substances)",100.0,55.3,31.4,,,,,
22,380,Cadbury Dairy Milk Silk CHOCOLATE BAR,CADBURY,CHOCOLATE,CHOCOLATE,"Sugar, Milk Solids, Cocoa Butter, Cocoa Solids, Emulsifiers (442, 476), Natural Flavours, Nature Identical and Artificial VANILLA CAKE Flavouring Substances",100.0,55.3,31.4,,,,,
23,373,Cadbury Dairy Milk Silk Desserts Brownie CHOCOLATE BAR,CADBURY,CHOCOLATE,CHOCOLATE BAR,"Milk Chocolate (60%)- Sugar, Milk Solids, Cocoa Butter, Cocoa Solids, Emulsifiers (442, 476), Flavours (VANILLA CAKE); Centre (40%)- Walnuts (7%), Fractionated Fat, Sugar, Refined Wheat Flour (Maida), Cocoa Solids, Milk Solids, Interesterified Fat, Humectant (422), Water, Palmolein, Emulsifiers (322, 442, 476), Invert Sugar, Flavours (Brownie, VANILLA CAKE), Raising Agents (500(ii), 503(ii)), Iodized Salt, Antioxidant (307c)",100.0,40.6,36.3,,,,,
24,397,Cadbury Dairy Milk Silk Desserts Plum Cake CHOCOLATE BAR,CADBURY,CHOCOLATE,CHOCOLATE BAR,"Milk Chocolate (60%)- Sugar, Mik Solids (15%) Cocoa Butter Cocoa Solids, Emulsifiers (442, 476), Flavours (Natural, Nature Identical and Artificial (VANILLA CAKE) Flavouring Substances); Centre (40%)- Apple Orange Pieces (7%) (Invert Syrup, Humectant (422), Apple Puree Concentrate (1%) Liqud Glucose, Sugar, Wheat Fibre, Orange Juice Concentrate (0.4%) Refined Palm Oil Thickening Agent (440), Acidity Regulator (330), Flavour (Natural (Orange) Flavouring Substances), Colour (100)). Fractionated Fat Sugar Refined Wheat Flour (Maida), Cocoa Solids, Milk Solids, Interesterified Fat, Humectant (422), Water, Palmolein, Emulsifiers (322, 442, 476), Invert Syrup. Flavours (Natural (Plum Cake), Nature Identical and Artificial (VANILLA CAKE) Flavouring Substances), Lodized Salt, Raising Agents (500(Ii), 503()), and Antioxidant (307C)",100.0,43.9,32.6,,,,,
25,392,Cadbury Dairy Milk Silk Hazelnut CHOCOLATE BAR,CADBURY,CHOCOLATE,CHOCOLATE BAR,"Sugar, Milk Solids (21%), Hazelnuts (16%), Cocoa Butter, Cocoa Solids, Emulsifiers (442, 476), Flavours (Natural, Nature Identical, and Artificial VANILLA CAKE)",100.0,46.6,36.8,,,,,
26,382,Cadbury Dairy Milk Silk Mousse CHOCOLATE BAR,CADBURY,CHOCOLATE,CHOCOLATE BAR,"Milk Chocolate 55%- Sugar, Milk Solids (13%), Cocoa Butter, Cocoa Solids, Emulsifiers (442, 476), Flavours (Natural, Nature Identical and Artificial (VANILLA CAKE) Flavouring Substances) Centre Filling 45%: Fractionated Fat, Sugar, Cocoa Solids, Milk Solids, Emulsifier (442), Flavour (Artificial (VANILLA CAKE) Flavouring Substances)",100.0,46.1,35.1,,,,,
27,368,Cadbury Dairy Milk Silk Oreo CHOCOLATE BAR,CADBURY,CHOCOLATE,CHOCOLATE BAR,"Milk Chocolate (50%)- Sugar, Milk Solids (13%), Cocoa Butter, Cocoa Solids, Emulsifiers (442, 476), Flavours (Natural, Nature Identical and Artificial (VANILLA CAKE) Flavouring Substances); Centre (50%)- Fractionated Fat, Biscuit 13% (Refined Wheat Flour (Maida), Sugar, Palmolein, Invert Sugar, Cocoa Solids, Leavening Agents (500(ii), 503(ii)), Iodised Salt, Emulsifier (322), Flavours (Artificial (VANILLA CAKE) Flavouring Substances)), Sugar, Milk Solids, Emulsifier (442), Flavours (Artificial (VANILLA CAKE) Flavouring Substances)",100.0,48.9,34.8,,,,,
28,455,Cadbury Fuse Mini Treats Chocolate Pack,CADBURY,CHOCOLATE,CHOCOLATE BAR,"Centre Filling 72%- Peanuts (19%), Sugar, Interesterified Vegetable Fat, Liquid Glucose, Milk Solids,Hydrogenated Vegetable Oil, Cocoa Solids, Invert Sugar. Humectant (422), Iodised Salt, Emulsifiers (322, 471), Flavours (Nature Identical And Artificial (VANILLA CAKE) Flavouring Substances) Milk Chocolate 28% -Sugar, Cocoa Butter, Mik Solids (4%), Lactose, Cocoa Solids, Fractionated Fat, Emulsifiers (442, 476), Flavours (Natural, Nature Identical And Artificial (VANILLA CAKE And Caramel) Flavouring Substances). Allergen Information: Contains Milk, Peanut, Soy And Sulphites. May Contain Wheat And Barley.",100.0,2.2,33.1,,,,,
29,452,Cadbury Gems Chocolate Mini Treats Pack,CADBURY,CHOCOLATE,CHOCOLATE BAR,"Cocoa Solids (8%), Colours (102, 110, 122, 124, 127, 132, 133, and 171), Emulsifiers (414, 442, and 476), Flavours Natural, Nature Identical, and Artificial (Caramel and VANILLA CAKE) Flavouring Substances, Glazing Agent (903), Hydrogenated Oils, Liquid Glucose, Milk Solids, Refined Wheat Flour (Maida), and Sugar",100.0,70.77,17.5,,,,,
30,405,Cadbury Gems Surprise Ball Chocolate,CADBURY,CHOCOLATE,CHOCOLATE,"Sugar, Hydrogenated Oils, Milk Solids, Cocoa Solids (8%*), Refined Wheat Flour (Maida), Emulsifiers (414, 442, 476), Colours (171, 102, 133, 124, 127, 122, 132, 110), Glazing Agent (903), Liquid Glucose, Flavours (Natural, Nature Identical and Artificial (Caramel and VANILLA CAKE) Flavouring Substances)",100.0,70.8,17.5,,,,,
31,370,Cadbury Nutties Chocolate,CADBURY,CHOCOLATE,CHOCOLATE,"Center (56%) (Sugar, Cashews (11%), Milk Solids, Glazing Agent (904), Stabilizers (1400, 414), lodised Salt, Flavours (Natural and Nature Identical Flavouring Substances), Emulsifier (442), Almond); Milk Chocolate (44%) (Sugar, Milk Solids (9%), Cocoa Butter, Cocoa Solids, Fractionated Fat, Emulsifiers (442, 476), Flavours (Natural, Nature Identical and Artificial (VANILLA CAKE) Flavouring Substances))",100.0,61.5,24.8,,,,,
32,588,Cadbury Oreo Original Chocolatey Sandwich Biscuits,CADBURY,BISCUIT,CREAM BISCUIT,"Refined Wheat Flour (Maida), Sugar, Fractionated Fat, Palmolein, Invert Sugar, Cocoa Solids (2%*), Leavening Agents [500(ii), 503(ii)], Starch, lodised Salt, Emulsifier (322), Nature Identical Flavouring Substances. Allergen Information: Contains Wheat, Sulphite, Soy. May Contain Milk and Barley.",100.0,38.9,19.6,,,,,
33,457,Cadbury Perk Mini Treats Chocolate coated Wafers,CADBURY,CHOCOLATE,CHOCOLATE BAR,"Sugar, Interesterified Vegetable Fat, Refined Wheat Flour (Maida), Milk Solids, Starch, Cocoa Solids (5%), Palmolein, Emulsifiers (442, 322, 476), Iodised Salt, Yeast, Flavours (Natural, Natural Identical and Artificial (Caramel and VANILLA CAKE) Flavouring Substances), Raising Agent (500(ii)), Improver (1101(i))",100.0,44.4,24.3,,,,,
34,270,"Cheetos Masala PUFFS, Crispy Chips & Snacks",CHEETOS,SNACKS,CHIPS,"Corn meal, Rice meal, Edible Vegetable Oil (Palmolein), Gram meal, Seasoning (Spices and Condiments, Iodised Salt, Black salt, Flavour, Maltodextrin, Tomato powder, Sugar, Acidity Regulator), Wheat fibre",100.0,1.6,23.1,,,,,
35,113,Coca-Cola Zero Sugar Soft Drink,COKE ZERO,JUICE,SODA,"Carbonated water, acidity regulators 338, acidity regulators 331(iii), sweeteners 955, sweeteners 950, preservative (211), caffeine (9.2 mg/100g), colour (150d), flavours (natural flavoring substances)",100.0,0,0,,,,,
36,364,Confetteria Raffaello Coconut and White Almond,CONFETTERIA RAFFAELLO,CHOCOLATE,CHOCOLATE,"Desiccated Coconut, Palm Oil, Sugar, Almond, Skimmed Milk Powder, Whey Powder, Shea Butter, Refined Wheat Flour (Maida), Tapioca Starch, Nature Identical Flavouring Substances, Emulsifier (Lecithin - INS 322), Raising Agent (INS 500ii), Edible Common Salt",100.0,33.6,48.3,,,,,
37,161,Del Monte Green Apple Fruit Drink Crisp,DEL MONTE,JUICE,FRUIT BEVERAGE,"Acidity Regulators (INS 296, INS 330), Apple Juice (Reconstituted From Apple Juice Concentrate) (30%), Iodized Salt, Sugar, Water",100.0,11.3,0,,,,,
38,661,Del Monte Penne Rigate Pasta Durum Wheat,DEL MONTE,INSTANT FOOD,PASTA,Durum Wheat Semolina,100.0,3.2,1.2,,,,,
39,669,Del Monte Sliced Black Olives,DEL MONTE,INSTANT FOOD,PICKLE,"Olives (48.5%), Water, Iodized Salt, Color Retention Agent (Ins 579)",100.0,0,13,,,,,
40,561,Doritos Dinamita Fiery Lime & Chilli Flavour Namkeen,DORITOS,SNACKS,CHIPS,"Corn (77%), Edible Vegetable Oil (Palmolein Oil), *Seasoning (Maltodextrin, lodised Salt), Flavour (Natural & Nature Identical Flavouring Substances), ""Spices & Condiments, Hydrolysed Vegetable Protein, Colour (162), Sugar, Flavour Enhancers (627,631), Anticaking Agent(551), Milk Solids, Dextrin & Edible Vegetable Oil (Palm & Sunflower Oil), Color (124)",100.0,2.3,26,,,,,
41,745,Dr. Oetker FunFoods Pizza Topping All-in-One Sauce,DR OETKER,SAUCE,SAUCE,"Water, Tomato Paste (26%), Sugar, Refined Soybean Oil, Milk Solids, Onions, Iodised Salt, Vegetables (2.9%), Mixed Spices, Cheese (1%), Acidity Regulators (INS 260, INS 330), Herb, Antioxidant (INS 319)",208.6,19.3,1.8,,,,,
42,763,Dr. Oetker Funfoods Stripes - Mayo & Ketchup,DR OETKER,SPREAD,MAYO AND KETCHUP,"Refined Soybean Oil, Water, Tomatoes (19.5%), Sugar, Milk Solids, Iodised Salt, Thickeners (INS 415, INS 1422, INS 1442, INS 407), Acidity Regulators (INS 260, INS 330, INS 300), Edible Starch, Lemon Juice, Preservatives (INS 211, INS 202), Mixed Spices, Nature-Identical Flavouring Substances, Antioxidant (INS 319), Sequestrant (INS 385)",100.0,9.1,51,,,,,
43,253,Dr. Oetker Kuppies Chocolate Waffle,DR OETKER,WAFFLE,WAFFLE,"Sugar, Whole Eggs, Refined Soyabean Oil, Refined Wheat Flour (Maida), Water, Humectants (Sorbitol, Glycerol), Cocoa Solids (3.9%), Soya Flour, lodised Salt, Emulsifiers (Mono-and Diglycerides of Fatty Acids. Lecithin), Acidity Regulators (Sodium Acetate, Acetic Acid). Preservatives (Sodium Propionate, Potassium Sorbate). Raising Agent (Ammonium Bicarbonate), Nature-Identical Flavouring Substances. CONTAINS ECC, WHEAT AND SOY.",100.0,23.9,30.7,,,,,
44,256,Dr. Oetker Kuppies Strawberry Waffle,DR OETKER,WAFFLE,WAFFLE,"Refined Soyabean Oil, Whole Eggs, Sugar, Refined Wheat Flour (Maida), Water, Humectants (Sorbitol, Glycerol), Soya Flour, Strawberry Powder (1.5%), Nature-Identical Flavouring Substances, lodised Salt, Emulsifiers (Mono-and Diglycerides of Fatty Acids, Lecithin), Acidity Regulators (Sodium Acetate, Acetic Acid), Preservatives (Sodium Propionate, Potassium Sorbate), Raising Agent (Ammonium Bicarbonate).",100.0,24.6,30.6,,,,,
45,757,Oetker FunFoods Pesto Italian Sauce,DR OETKER,SPREAD,BASIL PISTO  DIP,"Basil Leaves (31%), Refined Soybean Oil, Cashew Nuts, Parmesan Cheese, Olive Oil, Lemon Juice, Olives, Garlic, Iodised Salt, Sugar, Antioxidants (INS 300, INS 319), Acidity Regulator (INS 330), Preservatives (INS 211, INS 202)",100.0,2.5,6,,,,,
46,179,Dr Pepper Sparkling Fruit Flavour Soft Drink,DR PEPPER,JUICE,SODA,"Carbonated Water, Sugar, Colour (Caramel E150d), Phosphoric Acid, Sweeteners Aspartame,Sweeteners Acesulfame K, Preservative (Potassium Sorbate), Flavourings Including Caffeine",100.0,4.9,0,,,,,
47,166,Fanta Orange Flavoured Soft Drink,FANTA,JUICE,SODA,"Carbonated Water, Sugar, Acidity Regulator (INS 330), Stabilizers INS 414,Stabilizers INS 445, Preservative (INS 211), Colour (INS 110), Flavours (Natural and Nature-identical Flavouring Substances)",100.0,13.7,0,,,,,
48,357,Ferrero Rocher,FERRERO ROCHER,CHOCOLATE,MILK CHOCOLATE,"Milk Chocolate (30%) Sugar, Cocoa Butter, Cocoa Mass, Skimmed Milk Powder, Anhydrous Milkfat, Emulsifier Lecithin - Ins 322, Nature Identical Flavouring Substance - Vanillin), Hazelnuts (28.5%), Sugar, Palm Oil, Refined Wheat Flour Maida, Whey Powder, Low Fat Cocoa Powder, Emulsifier Lecithin Ins 322), Raising Agent (Ins 500Ii), Edible Common Salt, Nature Identical Flavouring Substance Vanillin",100.0,39.9,42.7,,,,,
49,462,Ferrero Rocher Moments Pack,FERRERO ROCHER,CHOCOLATE,CHOCOLATE BAR,"Sugar, Skimmed Milk Powder (11.5%), Hazelnuts (10.9%), Palmolein, Refined Wheat Flour (Maida), Refined Salseed Fat, Low Fat Cocoa Powder (5%), Palm Oil, Wheat Starch, Sunflowerseed Oil (High Oleic Acid), Whey Protein Concentrate, Emulsifier (Lecithin - Ins 322), Powdered Barley Malt Extract, Raising Agents (Ins 503ii, Ins 500ii), Contains Added Flavours (Nature-identical Flavouring Substances), Iodized Salt",100.0,44.5,29.8,,,,,
50,360,Galaxy Cookie Crumble CHOCOLATE BAR,GALAXY,CHOCOLATE,CHOCOLATE BAR,"Milk chocolate (90%): sugar, milk solids, cocoa butter, cocoa solids, edible vegetable fats less than 5% (sal fat, palm oil), emulsifiers (322, 476), humectant (422). Cookies (10%): refined wheat flour (maida), sugar, edible vegetable fat (palm oil), fat reduced cocoa powder, butter, skimmed milk powder, liquid glucose, raising agents (503(ii), nature identical flavour. Contains vegetable addition to cocoa butter.",100.0,50.6,30.6,,,,,
51,378,"Galaxy Fusions Silky Smooth Dark CHOCOLATE BAR, Made with 70% Cocoa",GALAXY,CHOCOLATE,CHOCOLATE BAR,"Cocoa mass, Sugar, Cocoa butter, Emulsifiers: ins 322 (lecithin), Natural flavor: VANILLA CAKE, Cocoa content: Total cocoa content: 70%",100.0,27,43.1,,,,,
52,361,Galaxy Smooth Milk CHOCOLATE BAR,GALAXY,CHOCOLATE,CHOCOLATE BAR,"Sugar, Milk Solids, Cocoa Butter, Cocoa Solids, Edible Vegetable Fats, Humectant (422), Emulsifiers (322, 476)",100.0,48.3,32.2,,,,,
53,192,Gatorade Blue Bolt Zero Sugar Energy Drink,GATORADE,JUICE,SODA,"Water, Sugar (5.4%), Dextrose, Acidity Regulator (330), Mineral Salts, Flavour Emulsion (Flavouring Substances, Stabilizers (445), Colour (102))",100.0,0,0,,,,,
54,194,Gatorade Lemon Zero Sugar Energy Drink,GATORADE,JUICE,SODA,"Water, Dextrose, Acidity Regulator (330), Mineral Salts, Flavour Emulsion (Flavouring Substances), Stabilizers (445), Colour (102)",100.0,0,0,,,,,
55,193,Gatorade Orange Zero Sugar Energy Drink,GATORADE,JUICE,SODA,"Acidity Regulator (INS 330), Dextrose, Flavour Emulsion (Flavouring Substances), Colour (INS 110), Mineral Salts, Stabilizer (INS 444), Sugar, Water",100.0,0,0,,,,,
56,436,Godiva Dark Chocolate Blood Orange Tablet Bar,GODIVA,CHOCOLATE,CHOCOLATE BAR,"Sugar, Cocoa Mass, Blood Orange Solids (3,6%), Cocoa Butter, Butter Oil, Natural VANILLA CAKE Flavouring, Emulsifier (Soy Lecithin), Natural Orange Flavouring, Red Beet Juice Concentrate, Dark Chocolate: Min.Cocoa: 50%",100.0,49,29,,,,,
57,443,Godiva Milk Chocolate Rich & Creamy,GODIVA,CHOCOLATE,CHOCOLATE BAR,"sugar, full cream milk powder, cocoa butter, cocoa mass, butter oil, emulsifier (soy lecithin), natural flavouring.",100.0,55,31,,,,,
58,442,Godiva Salted Caramel Belgian Milk Chocolate,GODIVA,CHOCOLATE,CHOCOLATE BAR,"sugar, full cream milk powder, cocoa butter, cocoa mass, glucose syrup, butter oil, butter, cream, emulsifier (soy lecithin), salt, raising agent (E500 (ii)), natural flavouring.",100.0,58,32,,,,,
59,437,Godiva Signature 72% Cacao Dark Chocolate,GODIVA,CHOCOLATE,CHOCOLATE BAR,"Cocoa mass, Sugar, Cocoa butter, fat reduced Cocoa powdaer, emulsifier(soy lecithin), salt, butter oil(milk). Cocoa solids is 72% minimum.",100.0,26,43,,,,,
60,508,Haribo Goldbaren,HARIBO,CHOCOLATE,CANDY,"Glucose syrup, sugar, gelatine, dextrose, fruit juice from concentrate: apple, strawberry, raspberry, orange, lemon, pineapple, acid: citric acid, fruit concentrates (safflower, spirulina, apple, elderberry, orange, kiwi, lemon, aronia, mango, passion fruit, grape), flavouring, glazing agents: beeswax, carnauba wax",100.0,46,<0.05,,,,,
61,198,Hershey's Chocolate Milkshake,HERSHEYS,JUICE,MILKSHAKE,"Water, Sugar, Milk Solids (8%), Cocoa solids (0.75%), Emulsifier 460(1),Emulsifier 466,Emulsifier 471, Mineral (Calcium carbonate), Sequestrant (339(ii)), Edible common salt, Mineral (Zinc sulphate), Vitamin E (Acetate), Vitamin A (Acetate), VitaminD2(Ergocalciferol), VitaminB1 (Thiamine chloride hydrochloride), Vitamin B2 (Riboflavin)",100.0,21.4,3.71,,,,,
62,375,Hershey's Cookies 'N' Creme CHOCOLATE BAR,HERSHEYS,CHOCOLATE,CHOCOLATE BAR,"Sugar, edible vegetable oil (sunflower and palm oil), cookies (#19%) {refined wheat flour (maida), sugar, edible vegetable oil (palm oil), cocoa solids (#2%), emulsifier (322 (I)), milk solids, raising agent (500ii)}, milk solids (#18.6%), corn syrup solids, edible vegetable oil (palm and palm kernel oil), emulsifier (322 (I)) and flavor (artificial flavouring substance - vanillin)",100.0,48,26.7,,,,,
63,199,Hershey's Cookies and Cream Milkshake,HERSHEYS,JUICE,MILKSHAKE,"Water, Mik Solids (11%), Sugar, Liquid Giucose, Mineral Caloium carbonate, Emusfiers 4600,Emusfiers 466 471, Cocoa Solids (0.25%), Flavours (Nature Identical and Atificial Flavounng Substances(Vanila loe cream), Edible Common Sat, Seguestrant (3911), Thickeners 415,Thickeners 407, Mineral (Zinc Sulphate), Vitamin E (Acetate), Vitarmin A (Acetate), Vitamin D2 (Ergocaloferol), Vitamin B1 (Thiamine Chloride Hydrochioride), Vitamin B2 (Riboltavin",100.0,29.6,3.3,,,,,
64,374,Hershey's Creamy Milk CHOCOLATE BAR,HERSHEYS,CHOCOLATE,CHOCOLATE BAR,"Sugar, Milk Solids (28%), Cocoa Solids (17.7%), Cocoa Butter, Edible Vegetable Oil (Sunflower and Palm), Emulsifiers (322 (i), 476), Flavour (Artificial Flavouring Substance-Vanillin)",100.0,51.8,32.1,,,,,
65,377,Hershey's Dark CHOCOLATE BAR,HERSHEYS,CHOCOLATE,CHOCOLATE BAR,"Sugar, Cocoa Solids, Cocoa Butter, Milk Solids, Emulsifiers, Flavour",100.0,52.3,29.7,,,,,
66,409,Hershey's Exotic Dark Blueberry And Acai Chocolate Share Bag,HERSHEYS,CHOCOLATE,CHOCOLATE,"Center (55%): Sugar, Liquid Glucose, Fruit Pulp (10.1%) (Papaya (9.7%), Blueberry (0.2%), Acai (0.2%)), Stabilisers (440,414,331(Iii)), Acidulant (296). Chocolate (45%): Sugar, Cocoa Solids (29.4%), Cocoa Butter, Milk Solids, Emulsifier (322(I)), Liquid Glucose, Stabiliser (1400), Edible Common Salt and Glazing Agent (904)",100.0,57.6,13.5,,,,,
67,388,Hershey's Exotic Dark Chocolate Californian Almonds - With Blackberry Crunchy Dark Chocolate,HERSHEYS,CHOCOLATE,CHOCOLATE,"Center (30%): Roasted almonds (29%), Stabilizers (415,1400), Anticaking agent (551) and Blackberry fruit powder (0.15%). Chocolate (70%): Sugar, Cocoa solids (20%), Cocoa butter, Milk solids, Liquid glucose, Emulsifier (322(i)), Stabiliser (1400), Edible common salt and Glazing agent (904)",100.0,36.5,36.3,,,,,
68,414,Hershey's Exotic Dark Pomegranate Chocolate,HERSHEYS,CHOCOLATE,CHOCOLATE,"Center (55%): Sugar, Liquid Glucose, Fruit Pulp (9.9%) ((Papaya (9.7%), Pomegranate (0.2%)), Stabilisers (440,414,331 (iii)), Acidulant (296). Chocolate (45%): Sugar, Cocoa solids (29.4%), Cocoa butter, Milk solids, Emulsifier (322(i)), Liquid glucose, Stabiliser (1400), Edible common salt and Glazing agent (904)",100.0,47.6,13.5,,,,,
69,385,Hershey's Exotic Raspberry & Goji Dark Chocolate,HERSHEYS,CHOCOLATE,CHOCOLATE,"Center (55%): Sugar, Liquid Glucose, Fruit Pulp (10.1%) ((Papaya (9.7%), Raspberry (0.2%), Gojiberry (0.2%)), Stabilisers (440,414,331 (iii)), Acidulant (296). Chocolate (45%): Sugar, Cocoa solids (29.4%), Cocoa butter, Milk solids, Emulsifier (322(i)), Liquid glucose, Stabiliser (1400), Edible common salt and Glazing agent (904)",100.0,57.6,13.5,,,,,
70,413,Hershey's Kisses Almonds Chocolate,HERSHEYS,CHOCOLATE,CHOCOLATE,"Almond Bits (11%), Cocoa Butter, Cocoa Solids, Emulsifiers (322(i), 476), Milk Solids (24%), and Sugar",100.0,40.8,30,,,,,
71,395,Hershey's Kisses Choco Truffle,HERSHEYS,CHOCOLATE,CHOCOLATE,"Milk Chocolate (Sugar, Milk Solids, Cocoa Solids, Cocoa Butter, Edible Vegetable Oil (Sunflower and Palm), Emulsifiers (322, 476), Flavour (Artificial Flavouring Substance - Vanillin)), Center Filling (Edible Vegetable Oil (Palm and Rapeseed), Sugar, Milk Solids, Cocoa Solids, Emulsifiers (322, 476))",100.0,53,32,,,,,
72,384,Hershey's Kisses Cookies 'N' Cream Chocolate,HERSHEYS,CHOCOLATE,CHOCOLATE,"White Chocolate (89%): Milk Solids (34%), Sugar, Cocoa Butter, Cookies (11%): Wheat Flour, Sugar, Edible Vegetable Oil (Palm Oil), Cocoa Solids (10.3%), Emulsifier 322(I), Acidity Regulator 500(II), and Milk Solids, Emulsifiers (476 and 322(I))",100.0,31.2,32.9,,,,,
73,412,Hershey's Kisses Hazelnut 'N' Cookies Chocolate,HERSHEYS,CHOCOLATE,CHOCOLATE,"Sugar, Milk Solids (22.1%), Cocoa Butter, Cocoa Solids (11.4%), Hazelnut Bits (5.5%), Cookies (4.5%) (Refined Wheat Flour (Maida), Sugar, Edible Vegetable Oil (Palm Oil), Cocoa Solids (0.5%), Emulsifier (322)), Acidity Regulator (500i)), Emulsifiers (442, 476) and Flavour (Artificial flavouring substance - VANILLA CAKE)",100.0,49.1,33,,,,,
74,363,Hershey's Kisses Milk Chocolate,HERSHEYS,CHOCOLATE,CHOCOLATE,"Sugar, Milk Solids (27%), Cocoa Butter, Cocoa Solids, and Emulsifiers (INS 322(i) and INS 476)",100.0,45.8,27.5,,,,,
75,200,Hershey's Strawberry Milkshake,HERSHEYS,JUICE,MILKSHAKE,"Water, Sugar, Milk Solids (8%*), Emulsifier 460(i),Emulsifier 466,Emulsifier (471), Mineral (Calcium carbonate), Sequestrant (339 (ii), Thickening agent (415), Mineral (Zinc sulphate), Vitamin E (Acetate), Vitamin A (Acetate), Vitamin D2 (Ergocalciferol), Vitamin B1 (Thiamine chloride hydrochloride), Vitamin B2 (Riboflavin), Edible common salt.",100.0,21.4,3,,,,,
76,752,Hershey's Cocoa + Almond Spread,HERSHEYS,SPREAD,CHOCOLATESPREAD,"Sugar, Edible Vegetable Oil (Palm Oil), Milk Solids, Cocoa Solids (4.6%), Almond Paste (2.7%), Hydrogenated Vegetable Fat (Palm Oil and Sesame Oil), Emulsifier (322(i)), Flavours (Artificial Flavouring Substances - Almond and VANILLA CAKE), Edible Common Salt",100.0,61,31.6,,,,,
77,708,Hershey's Cocoa Powder,HERSHEYS,INSTANT FOOD,COCO POWDER,Cocoa,100.0,1.75,11,,,,,
78,772,Horlicks Nutrition Drink Jar,HORLICKS,INSTANT FOOD,MALT,"Malt (65.6%) [Barley (31.3%), Wheat Flour (Atta), Wheat, Millet], Milk Solids (14%), Sugar, Wheat Gluten, Minerals, Emulsifier (INS 471), Edible Iodized Salt, Soy Protein Isolate, Acidity Regulators [INS 501(ii), INS 500(ii)], and Vitamins",100.0,46,2,,,,,
79,773,Horlicks Women's Plus Caramel Drink Mix,HORLICKS,INSTANT FOOD,MALT,"Wheat flour, milk solids",100.0,0,<3,,,,,
80,731,Kellogg's Chocolate Muesli,KELLOGGS,INSTANT FOOD,MUSLI,"Multigrain Mix (43%) (Rolled Oats (26.1%), Rice Flour (6.6%), Corn Meal (5.5%), Refined Wheat Flour (Maida) (2.2%), Wheat Flour (Atta) (2.1%), Ragi Flour, Sorghum Flour), Nuts, Seeds and Dry Fruits (14%) (Almonds (6%), Pumpkin Seeds (4%), Black Raisins (4%)), Sugar, Dark Chocolate Powder (12.9%) (Sugar, Cocoa Solids and Cocoa Butter), Edible Vegetable Oil (Palmolein), Cereal Extract, Cocoa Solids (2%), Liquid Glucose, Iodized Salt, Minerals, Flavours (Nature Identical and Artificial (Cream)), Antioxidant (INS 307b), Raising Agent (INS 500(ii)), Colour (INS 150d), Vitamins",100.0,26.9,15.5,,,,,
81,722,Kellogg's Corn Flakes With Real Strawberry,KELLOGGS,INSTANT FOOD,CEREAL,"Added Flavour (Natural Identical Flavouring Substances), Beetroot Extract, Cereal Extract, Corn Grits (58%), Iodized Salt, Minerals & Antioxidant (INS 320), Sugar, Strawberry Puree (2.5%), Vitamins",100.0,32.5,0.8,,,,,
82,719,Kellogg's Muesli Fruit Nut & Seeds 12-in-1 Power Breakfast,KELLOGGS,INSTANT FOOD,CEREAL,"Added Flavours (Nature Identical & Artificial - Coconut), Antioxidant (INS 3076), Candied Fruits (Candied Cranberry (3%), Candied Papaya (5%)), Corn Grits (18.3%), Corn Meal, Cocoa Solids, Honey, Jodized Salt, Multigrain Mix (66%) (Rice (9.7%), Refined Wheat Flour (Maida), Rolled Barley (8%), Rolled Oats (8%), Ragi Millet Flour (3.5%), Sugar, Wheat Bran), Mineral, Oligofructose, Vitamins, Colours (INS 140, INS 150D), Nut & Seed (21%) (Almonds (3.5%), Black Currants (3%), Black Raisins (3%), Pumpkin Seeds (3.5%))",100.0,20.8,5.1,,,,,
83,721,Kellogg's Multigrain Chocos,KELLOGGS,INSTANT FOOD,CEREAL,"Multigrain Flour Mix (64.8%) (Wheat Flour (Atta) (55.8%), Sorghum (Jowar) Flour (3%), Rice Flour (3%), Corn Meal (3%)), Sugar, Cocoa Solids (5.3%), Minerals, Cereal Extract, Iodized Salt, Colours (INS 150a, INS 150d), Edible Vegetable Oil (Palmolein), Flavours (Nature Identical & Artificial (Cream)), Vitamins, Antioxidant (INS 307b)",100.0,97.5,3,,,,,
84,383,Kinder Creamy Milky And Cocoa With Extruded Rice,KINDER JOY,CHOCOLATE,CHOCOLATE,"Sugar, Skimmed Cow Milk Powder (22%), Palmolein, Palm Oil, Extruded Rice (7.7%), Low Fat Cocoa Powder (2.6%), Emulsifier (Lecithin - INS 322), Powdered Barley Malt Extract, Emulsifier (Lecithin - INS 322), Powdered Barley Malt Extract, Nature-Identical Flavouring Substances",100.0,48.8,31.3,,,,,
85,483,KOPIKO Cappuccino Coffee Candy,KOPIKO,CHOCOLATE,TOFFEE,"Liquid Glucose, Sugar, Edible Vegetable Oil (Palm Olein), Butter (2%), Milk Solids (.8%), Coffee Extract (.5%), Edible Common Salt (Iodised), Emulsifier (Soy Lecithin-322(i)), Natural Food Colours (E15d), Artificial Flavours (Coffee, Milk & VANILLA CAKE).",100.0,55.8,11.6,,,,,
86,261,Lay's American Cream & Onion Potato Chips,LAY'S,SNACKS,POTATOCHIPS,"Potato, Edible Vegetable Oil (Palmolein, Rice Bran Oil), Seasoning (Sugar, Iodised Salt, Milk Solids, Spices and Condiments, Maltodextrin, Flavour (Natural and Nature Identical Flavouring Substances), Cheese Powder, Hydrolysed Vegetable Protein, Flavour Enhancers (627, 631), Edible Vegetable Oil (Palm, Coconut), Anticaking Agent (551))",100.0,3.4,33.1,,,,,
87,279,Lay's American Cream & Onion Potato Chips,LAY'S,SNACKS,POTATOCHIPS,"Potato, Edible Vegetable Oil (Palmolein, Rice Bran Oil), Seasoning (Sugar, Iodised Salt, Milk Solids, Spices and Condiments, Maltodextrin, Flavour, Cheese Powder, Hydrolysed Vegetable Protein, Flavour Enhancers (627, 631), Edible Vegetable Oil (Palm, Coconut), Anticaking Agent (551))",100.0,3.4,33.1,,,,,
88,272,Lay's Classic Salted Potato Chips,LAY'S,SNACKS,POTATOCHIPS,"Potato, Edible Vegetable Oil (Palmolein Oil, Rice Bran Oil), Iodised Salt (1%)",100.0,0.6,35.1,,,,,
89,265,Lay's India's Magic Masala Potato Chips,LAY'S,SNACKS,POTATOCHIPS,"Potato, Edible Vegetable Oil (Palmolein, Rice Bran Oil), Seasoning (Spices and Condiments, Iodised Salt, Maltodextrin, Black Salt, Sugar, Tomato Powder, Acidity Regulators (330, 296, 334), Flavour (Natural and Nature Identical Flavouring Substances), Anticaking Agent (551), Color (160C))",100.0,2.5,33.1,,,,,
90,303,Lay's India's Magic Masala Potato Chips,LAY'S,SNACKS,POTATOCHIPS,"Potato, Edible Vegetable Oil (Palmolein, Sunflower Oil), Seasoning (Spices and Condiments, Iodised Salt, Maltodextrin, Black Salt, Sugar, Tomato Powder, Acidity Regulators (330, 296, 334), Flavour (Natural and Nature Identical Flavouring Substances), Anticaking Agent (551), and Colour (160C))",100.0,2.5,33.1,,,,,
91,275,Lay's Potato Chips - Sizzling Hot Spicy Flavour,LAY'S,SNACKS,POTATOCHIPS,"Potato, Edible Vegetable Oil (Palmolein and Rice Bran Oil), Seasoning (Maltodextrin, Spices and Condiments, Sugar, Iodised Salt, Acidity Regulator (INS 330), Dehydrated Vegetable (Beetroot Powder), Natural Flavouring Substance, Butter Milk Powder, Anticaking Agent (INS 551), Flavour Enhancers (INS 627 and INS 631))",100.0,2.3,33,,,,,
92,353,Lay's Potato Chips WAFERstyle - Salt with Pepper Flavour,LAY'S,SNACKS,POTATOCHIPS,"Potato, Edible Vegetable Oil (Palmolein Oil), Seasoning (Maltodextrin, Iodised Salt, Spices and Condiments, Sugar, Flavour (Natural and Nature Identical Flavouring Substances), Anticaking Agent (551), Flavour Enhancers (627, 631), Edible Vegetable Oil (Palm))",100.0,0.6,33.3,,,,,
93,273,Lay's Spanish Tomato Tango Potato Chips,LAY'S,SNACKS,POTATOCHIPS,"Potato, edible vegetable oil (palmolein, rice bran oil), seasoning (sugar, flavour, iodized salt, maltodextrin, spices and condiments, hydrolysed vegetable protein, tomato powder, dextrose, wheat fibre, anticaking agent (551), salt substitute (potassium chloride), edible vegetable oil (coconut), flavour enhancers (627, 631))",100.0,5.6,32.2,,,,,
94,281,Lay's WAFERChips Red Chilli,LAY'S,SNACKS,POTATOCHIPS,"Potato, Edible Vegetable Oil (Palmolein, Sunflower Oil), Seasoning (Spices and Condiments, Maltodextrin, Iodised Salt, Flavours, Refined Wheat Flour, Black Salt, Hydrolysed Vegetable Protein, Tomato Powder, Acidity Regulators, Yeast Extract, Salt Substitute, Edible Starch, Flavour Enhancers)",100.0,1.6,33.4,,,,,
95,264,Lay's West Indies Hot 'n' Sweet Chilli Potato Chips,LAY'S,SNACKS,POTATOCHIPS,"Potato, Edible Vegetable Oil (Palmolein, Rice Bran Oil), Seasoning (Sugar, Maltodextrin, Iodised Salt, Flavour (Natural and Nature Identical Flavouring Substances), Spices & Condiments, Flavour Enhancers (627 & 631), Edible Vegetable Oil (Palm, Sunflower, Peanut), Hydrolysed Vegetable Protein, Anticaking agent (551), Cocoa Solids, Lactose)",100.0,6,32,,,,,
96,181,Limca Lemon Soft Drink,LIMCA,JUICE,SODA,"Added Flavours (Natural, Nature-Identical and Artificial Flavouring Substances - Lemon Flavour), Acidity Regulators INS 330, Acidity Regulators INS 331, Carbonated Water, Preservative (INS 211), Stabilizers INS 414,Stabilizers INS 471, Sugar",100.0,10.7,0,,,,,
97,440,"Cocoa mass, sugar, cocoa butter, VANILLA CAKE",LINDT,CHOCOLATE,CHOCOLATE BAR,"Sugar, Hazelnuts, Cocoa Butter, Milk Ingredients, Cocoa Mass, Lactose, Soya Lecithin, Barley Malt Extract, Artificial Flavour",33.0,14,13,,,,,
98,439,Lindt Excellence 70 % Cocoa Dark Chocolate,LINDT,CHOCOLATE,CHOCOLATE BAR,"Cocoa mass, sugar, cocoa butter, VANILLA CAKE",30.0,9,12,,,,,
99,441,Lindt Excellence 90% Cocoa Supreme Dark CHOCOLATE BAR,LINDT,CHOCOLATE,CHOCOLATE BAR,"Cocoa mass, cocoa butter, low fat cocoa powder, sugar, VANILLA CAKE",30.0,2,17,,,,,
100,448,Lindt Excellence Orange Intense Dark Chocolate,LINDT,CHOCOLATE,CHOCOLATE BAR,"Sugar, Cocoa Mass, Almonds 7%, Orange Juice From Concentrate 3.9%, Cocoa Butter, Anhydrous Milk Fat, Invert Sugar, Lemon Juice From Concentrate, Emulsifier (Soya Lecithin), Pineapple, Gelling Agent (Pectin), Natural Orange Flavouring, and Flavouring",100.0,48,31,,,,,
101,434,Lindt Exotic Milk Cornet Chocolate,LINDT,CHOCOLATE,CHOCOLATE,"Sugar, Vegetable fat (coconut, palm kernel), Cocoa butter, Cocoa mass, Whole milk powder, Skimmed milk powder, Lactose, Anhydrous milk fat, Emulsifier (soya lecithin), Barley malt extract, Flavourings",25.0,11,12,,,,,
102,435,Lindt Lindor Smooth Melting Assorted Chocolates Cornet,LINDT,CHOCOLATE,CHOCOLATE,"Sugar, vegetable fat (coconut, palm kernel), cocoa butter, cocoa mass, whole milk powder, lactose (from milk), skim milk powder, anhydrous milk fat, hazelnuts, emulsifier (soya lecithin), barley malt extract, artificial flavourings (vanillin, caramel)",100.0,40,49,,,,,
103,438,Lindt Swiss Classic Milk Chocolate,LINDT,CHOCOLATE,CHOCOLATE BAR,"Sugar, cocoa butter, whole milk powder, cocoa mass, lactose (from milk), skim milk powder, emulsifier (soya lecithin), barley malt extract, artificial flavouring (vanillin)",33.0,18,10,,,,,
104,528,Lotte Coffy Bite Classic,LOTTE,CHOCOLATE,CANDY,"Sugar, Liquid Glucose, Hydrogenated Vegetable Fat, Milk Solids, Butter, Coffee Extract, Humectant, Iodised Salt, Emulsifiers. Contains Added Nature Identical And Artificial Flavouring Substances (Milk And Coffee)",100.0,58,12,,,,,
105,503,Lotte Eclairs Coffy Bite Toffee,LOTTE,CHOCOLATE,CANDY,"Sugar, Liquid Glucose, Choco Center [Sugar, Cocoa Solids, Milk Solids, Hydrogenated Vegetable Fat, Cocoa Butter, Emulsifiers (E322) Contains Added Flavours Nature Identical Flavouring Substances (Vanillin)], Milk Solids, Hydrogenated Vegetable Fat, Coffee Extract, Emulsifiers (E 322, 471) Contains Added Flavours Nature Identical Flavouring Substances",100.0,55,12,,,,,
106,635,MAGGI 2-Minute Instant Noodles,MAGGI,INSTANT FOOD,NOODLES,"Noodles: Refined wheat flour (Maida), Palm oil, lodized salt, Wheat gluten, Thickeners (508 & 412). Acidity regulators (501(i) & 500(i)) and Humectant (451(1)). Masala Tastemaker: Mixed Spices (26.2%) (Onion powder, Coriander powder, Red chilli powder, Turmeric powder, Garlic powder, Cumin powder, Aniseed powder, Ginger powder, Fenugreek powder, Black pepper powder, Toasted onion powder, Clove powder, Green cardamom powder, Nutmeg powder), Hydrolysed groundnut protein. Refined wheat flour (Maida), Sugar, Starch, Palm oil, lodized salt, Thickener (508), Acidity regulator (330), Flavour enhancer (635), Colour (150d), Mineral and Wheat gluten",100.0,1.8,12.5,,,,,
107,642,Maggi Chicken Instant Noodles,MAGGI,INSTANT FOOD,NOODLES,"Noodles: Refined Wheat Flour (Maida), Palm Oil, Lodised Salt, Wheat Gluten, Thickeners (508 and 412), Acidity Regulator (501(I) and 500(I)) and Humectant (451(I)). Tastemaker: Mixed Spices (22%) (Dehydrated Onion, Dried Garlic, Red Chilli Powder, Black Pepper Powder, Capsicum Extract, Turmeric Powder, Nutmeg Powder, Coriander Extract, Cumin Extract), Sugar, Refined Wheat Flour (Maida), Lodised Salt, Starch, Chicken Meat (5.7%), Palm Oil, Thickener (508), Chicken Fat (2.3%), Natural Flavour, Flavour Enhancer (635), Nature Identical Flavouring Substance, Acidity Regulator (330), Colour (150D), Dehydrated Kasuri Methi Leaves, Onion, Wheat Gluten and Dehydrated Bread",100.0,1.1,11.8,,,,,
108,640,Maggi Chilly Chow Cuppa Noodles,MAGGI,INSTANT FOOD,NOODLES,"Noodles: Refined wheat flour (Maida), Palm oil, lodized salt, Thickeners (412 & 508), Humectant (451(i)) and Acidity regulators (501(1), 500 (i) & 330). Masala Tastemaker: Mixed spices (Dried garlic (20.4%). Red chilli powder (7.7%), Dehydrated onion, Black pepper powder, Star anise powder, Capsicum extract, Nutmeg powder, Coriander ex-tract, Cumin extract), Starch, lodized salt, Refined wheat flour (Maida), Tomato paste (7%), Sugar, Dehydrated carrot bits (6.3%), Thickeners (508 & 415), Toasted onion flakes (4%), Palm oil, Flavour enhancer (635), Acidity regulator (330), Yeast extract powder, Colour (150d) and Wheat gluten",100.0,2.5,16.5,,,,,
109,656,Maggi Korean BBQ Veg Instant Noodles,MAGGI,INSTANT FOOD,NOODLES,"NOODLES: Refined wheat flour (Maida), Palm oil, Wheat gluten, Iodized salt, Thickeners (508 & 412), Acidity regulators (501(i) & 500 (i)) and Humectant (451(i)). TASTEMAKER: Sugar, Soya sauce powder (Soya sauce, Maltodextrin, Iodized salt, Color (150c)), Garlic powder, Red chilli powder (11%), Thickener (508), Iodized salt, Flavour enhancer (635), Natural flavouring substance, Onion powder, Nature identical flavouring substances, Spice extract blend, Palm oil, Curry spice extract blend, Acidity regulator (330), Black pepper, Cinnamon powder, Star anise powder, Colour (150d), Sunflower oil and Rosemary extract. OIL: High oleic sunflower oil, Curry spice extract blend and Spice extract blend",100.0,3.2,13.5,,,,,
110,634,Maggi Masala Cuppa Noodles,MAGGI,INSTANT FOOD,NOODLES," Refined wheat flour (Maida), Palm oil, Iodized salt, Thickeners (412 & 508), Humectant (451(i)), Acidity Regulators (501(i), 500(i) & 330). MASALA TASTEMAKER: Mixed spices (18.4%), Dehydrated vegetables (14.4%) (Carrot flakes (7.5%), Green peas (6.9%)), Sugar, Starch, Iodized salt, Nature identical flavouring substances, Tomato paste (5.6%), Toasted onion flakes (4.7%), Refined wheat flour (Maida), Roasted garlic flakes, Thickeners (508 & 415), Onion powder (2.8%), Palm oil, Herbs, Natural flavouring substance, Yeast extract powder, Flavour enhancer (635), Tamarind powder, Acidity Regulator (330) and Wheat gluten",100.0,3.2,17.2,,,,,
111,655,Maggi Nutri-licious Masala Veg Atta Noodles,MAGGI,INSTANT FOOD,NOODLES,"Herbs, Spices, Vegetables, Wheat Flour (Atta)",100.0,2.5,10.3,,,,,
112,643,Maggi Special Masala Instant Noodles,MAGGI,INSTANT FOOD,NOODLES,"Noodles: Refined wheat flour (Maida), Palm oil, Wheat gluten, lodized salt, Thickeners (508 & 412), Acidity regulators (501(1) & 500 (1)) and Humectant (451(1)). Masala Tastemaker: Mixed spices (35.2%) (+Roasted spice powder (9.3%) (Coriander, Turmeric, Cumin, Aniseed, Black pepper, Fenugreek, Ginger, Green cardamom, Cinnamon, Clove, Nutneg, Bay leaf & Black cardamom), Red chilli powder, Onion powder, Garlic powder, Black pepper powder, Coriander powder, Turmeric powder, Cumin powder, Ginger powder, Aniseed powder, Fenugreek powder, Capsicum extract, Com-pounded asafoetida, Star anise powder, Coriander extract & Cumin extract), Sugar, lodized salt, Refined wheat flour (Maida), Onion, Thickener (508), Starch, Flavour enhancer (635), Yeast extract powder, Palm oil, Dehydrated kasuri methi leaves, Acidity regulator (330), Corn oil, Mineral and Wheat gluten",100.0,2.3,13.1,,,,,
113,450,Maltesers Chocolate,MALTESERS,CHOCOLATE,CHOCOLATE BAR,"Sugar, Skimmed Milk Powder, Cocoa Butter, Glucose Syrup, Barley Malt Extract, Cocoa Mass, Palm Fat, Lactose and Protein from Whey, Whey Powder, Milk Fat, Emulsifiers (Soya Lecithin, E492), Wheat Flour, Palm Kernel Fat, Palm Kernel Oil, Raising Agents (E341, E500, E501), Wheat Gluten, Salt, Glazing Agent (Pectin), Natural VANILLA CAKE Extract",100.0,53,25,,,,,
114,398,Mars Caramel CHOCOLATE BAR,MARS,CHOCOLATE,CHOCOLATE BAR,"Sugar, Liquid glucose, Milk solids, Invert Sugar, Hydrogenated Oil, Cocoa Butter, Cocoa Solids, Fractionated Fat, Emulsifiers (442, 471, 476), Hydrolyzed Vegetable Protein, lodised Salt, Flavours (Natural, Nature Identical and Artificial (Caramel and VANILLA CAKE) Flavouring Substances).",100.0,16.6,16.8,,,,,
115,784,McCain Mini Samosa - Cheese Corn,MCCAIN,INSTANT FOOD,MINI SAMOSA,"Refined Wheat Flour (Maida), Cheese (18.4%) (Cheddar Cheese, Milk Solids, Water, Emulsifier [INS 331 (iii)], Iodised Salt, Anticaking Agent [INS 46]), Water, Cotton Seed Oil, Corn (1.6%), Potato, Onion, Green Chilli (.7%), Iodised Salt, Black Pepper",100.0,5.13,14.8,,,,,
116,783,McCain Smile,MCCAIN,INSTANT FOOD,POTATO FRIES,"Potato (63%), Potato Flakes (13%), Palmolein Oil, Maize Starch, Iodized Salt",100.0,<0.5,7,,,,,
117,52,Mcvitie's Digestive High Fibre Biscuits With Goodness Of Wholewheat,MCVITIES,BISCUIT,BISCUIT,"Refined Wheat Flour (Maida) (43.3%), Edible Vegetable Oil (Palm Oil), Wheat Flour (Atta) (15.3%), Sugar, Wheat Bran (2.5%), Invert Sugar Syrup, Raising Agents (INS 500(ii), Raising Agents INS 503(ii),Raising Agents INS 450(i), Oat Meal, Iodised Salt, Malt Extract, Acidity Regulator (INS 296), Dough Conditioner (INS 223)",100.0,18.1,17.3,,,,,
118,484,Mentos Chewy Dragees,MENTOS,CHOCOLATE,CANDY,"Sugar, Liquid Glucose, Hydrogenated Vegetable Oil, Starch, Thickeners (INS 414, INS 418), Flavour (Natural, Nature-Identical), Emulsifier (INS 473), Glazing Agent (INS 93)",100.0,72,1.8,,,,,
119,490,Mentos Rainbow Assorted Flavour Chewy Toffee,MENTOS,CHOCOLATE,CANDY,"Strawberry Flavour: Sugar, Liquid Glucose, Hydrogenated Vegetable Oil, Acidity Regulators (INS 33, INS 525), Starch, Strawberry Fruit Powder^ (.24%), Thickeners (INS 414, INS 418), Flavour (Nature-Identical), Emulsifier (INS 473), Glazing Agent (INS 93), Colour (INS 127) ^Corresponding To 2 % Strawberry Fruit Juice, Orange Flavour: Sugar, Liquid Glucose, Hydrogenated Vegetable Oil, Acidity Regulators (INS 33, INS 525), Orange Fruit Powder^ (.37%), Starch, Thickeners (INS 414, INS 418), Flavour (Nature-Identical), Emulsifier (INS 473), Glazing Agent (INS 93), Colour (INS 11) ^Corresponding To 2.2 % Orange Fruit Juice, Mint Flavour: Sugar, Liquid Glucose, Hydrogenated Vegetable Oil, Starch, Thickeners (INS 414, INS 418), Flavour (Natural, Nature-Identical), Emulsifier (INS 473), Glazing Agent (INS 93)",100.0,72,1.8,,,,,
120,492,Mentos Strawberry Flavour Toffee,MENTOS,CHOCOLATE,CANDY,"Sugar, Liquid Glucose, Hydrogenated Vegetable Oil, Acidity Regulators (INS 330, INS 525), Starch, Strawberry Fruit Powder^ (0.24%), Thickeners (INS 414, INS 418), Flavour (Nature-Identical), Emulsifier (INS 473), Glazing Agent (INS 903), Colour (INS 127) Corresponding To 2 % Strawberry Fruit Juice",100.0,72,1.8,,,,,
121,420,Milka Raisins & Nuts Milk Chocolate,MILKA,CHOCOLATE,CHOCOLATE BAR,"Sugar, Raisins, Cocoa Butter, Cocoa Mass, Skimmed Milk Powder, Whey Powder, Hazelnuts, Milk Fat, Emulsifier, Hazelnut Paste, Artificial Vanillin Flavour",100.0,57,30.5,,,,,
122,209,Nestle Milo Health Chocolate Drink with Millets,MILO,JUICE,MILKSHAKE,"Toned Milk (80%), Water, Sugar, Malted barley (1.4%), Millet (Bajra) (1.4%), Cocoa solids (1%), Acidity regulators 340(ii), Acidity regulators 341(ii), Stabilizers 412,Stabilizers 407, VitamINS, Sweetener (960),Mineral",100.0,8.1,2.5,,,,,
123,189,Mirinda Orange Flavoured Soft Drink,MIRINDA,JUICE,SODA,"Carbonated Water, Sugar, Acidity Regulators 330, Acidity Regulators 331, Flavour (Natural Flavouring Substances), Sweeteners 955,Sweeteners 960, Preservative (211), Stabilizer (444), Colour (110)",100.0,6.8,0,,,,,
124,186,Mountain Dew Lemon Soft Drink,MOUNTAIN DEW,JUICE,SODA,"Carbonated Water, Sugar, Regulators 330,Regulators 331, Flavour (Natural Flavouring Substances), Preservative (211), Caffeine (13 Mg/100 G), Stabilizer (445 (iii)), Colour (102)",100.0,12.3,0,,,,,
125,216,BRU Classic Cold Coffee Tetra Pack,NESCAFE,JUICE,COFFEE,"Double Toned Milk, Sugar, Milk Solids, Coffee (0.62%), Stabilizers INS 1440,Stabilizers INS 460 (i),Stabilizers INS 466,Stabilizers INS 407, Acidity Regulator (INS 339 (ii))",100.0,21.8,2.5,,,,,
126,217,Nescafe Cafe Style Iced Frappe Cold Coffee,NESCAFE,JUICE,COFFEE,"Toned milk (48%), Water, Sugar, Dried glucose syrup, Coffee (0.8%), Stabilizers 466,Stabilizers 460(i), Acidity regulators 500(ii),Acidity regulator 332(ii), Emulsifier (322(i)), Thickener (415), Iodized salt",100.0,6.2,1.1,,,,,
127,215,Nescafe Ready To Drink Coffee Flavoured Milk Iced Latte Cold Coffee,NESCAFE,JUICE,COFFEE,"Double Toned Milk (87%), Sugar, Coffee (0.8%), Acidity Regulator (339(ii)), Stabilizer (407), Iodized Salt",100.0,16.9,2.9,,,,,
128,218,Nescafe Ready To Drink Coffee Flavoured Milk Intense Cafe Cappucino Cold Coffee,NESCAFE,JUICE,COFFEE,"Double Toned Milk (87%), Sugar, Coffee (0.8%), Acidity Regulator (339(ii)), Nature-Identical (Cappuccino) Flavouring Substances,Stabilizer (407)",100.0,16.9,2.9,,,,,
129,459,Kitkat Delights Hazelnut,NESTLE,CHOCOLATE,CHOCOLATE BAR,"Sugar, Milk Solids (21%), Hazelnuts (16%), Cocoa Butter, Cocoa Solids, Emulsifiers (442, 476), Flavours (Natural, Nature Identical And Artificial (VANILLA CAKE) Flavouring Substances). Allergen Information: Contains Milk And Hazelnut. May Contain Other Tree Nuts, Wheat, Barley And Soy",100.0,36.4,22.9,,,,,
130,699,Nestle Cerelac Multigrain & Fruits Baby Food Cereal,NESTLE,INSTANT FOOD,CEREAL,"Wheat flour (Atta) (48.1%), Milk solids (32.7%), Cereal discs (Corn flour (6.7%), Barley flour (2.2%)), Orange juice concentrate (4.6%), Sugar, Soyabean oil, Dehydrated apple bits (2.4%), Cherry flakes (1.7%), Minerals, Vitamins and Enzyme* (Alpha amylase)",100.0,23.5,9.4,,,,,
131,698,Nestle Cerelac Wheat Apple Carrot Baby Food Cerea,NESTLE,INSTANT FOOD,CEREAL,"Wheat flour (Atta) (58%), Milk solids (31.8%), Apple juice concentrate (11.4%), Soyabean oil, Carrot juice concentrate (1.1%), Minerals, Vitamins and Enzyme (Alpha amylase)",100.0,20,12.5,,,,,
132,390,Nestle KitKat Delights Caramel,NESTLE,CHOCOLATE,CHOCOLATE BAR,"Milk Chocolate (68.9) (Sugar, Milk solids (16.6), Cocoa butter (12), Cocoa solids (8.2), Emulsifier (Soy lecithin), Nature identical (Cream Caramel) flavouring substances & Artificial (VANILLA CAKE) flavouring substances), WAFER(Refined Wheat flour (Maida), Sugar, Hydrogenated vegetable fats, Cocoa solids (0.68), Milk solids, Fractionated vegetable fat, Yeast, Raising agent (500(ii)), Emulsifier (Soy lecithin), Flour treatment agent (516), lodized Salt, Artificial (VANILLA CAKE) flavouring substances & Nature identical Flavouring substances)",100.0,42.9,24.1,,,,,
133,456,Nestle KitKat Delights Dark,NESTLE,CHOCOLATE,CHOCOLATE BAR,"Dark Chocolate (76.2%) (Sugar, Cocoa solids (28.2%), Cocoa butter (8%), Emulsifier (Soya lecithin), Nature-Identical Flavouring Substance and Iodised salt) and WAFER(Sugar, Hydrogenated vegetable fats, Refined Wheat flour (Maida), Cocoa solids (1.2%), Milk solids, Fractionated vegetable fat, Raising agent (500(ii)), Yeast, Emulsifier (Soya lecithin), Iodised salt, Flour treatment agent (516), Artificial (VANILLA CAKE) flavouring substance and Nature-Identical flavouring substance)",100.0,37.7,22.5,,,,,
134,381,Nestle KitKat Delights Rich,NESTLE,CHOCOLATE,CHOCOLATE,"Milk Chocolate (68.8) (Sugar, Milk solids (16.6), Cocoa butter (12), Cocoa solids (8.2), Emulsifier (Soya lecithin) & Artificial (VANILLA CAKE) flavouring substances), WAFER(Refined Wheat flour (Maida), Sugar, Hydrogenated vegetable fats, Cocoa solids (1.5), Milk solids, Fractionated vegetable fat, Yeast, Raising agent (500(ii)), Emulsifier (Soya lecithin), lodized salt, Flour treatment agent (516), Artificial (VANILLA CAKE) flavouring substances & Nature identical flavouring substances)",100.0,41.5,24.2,,,,,
135,709,Nestle Milkmaid Partly Skimmed Sweetened Condensed Milk,NESTLE,INSTANT FOOD,CONDENSED MILK,"Milk Solids, Sugar",100.0,58.4,3.9,,,,,
136,355,Nestle Munch Max Choco Coated Crunchy WAFERBar,NESTLE,CHOCOLATE,WAFERCHOCOLATE,"Sugar, Refined Wheat flour (Maida), Hydrogenated vegetable fats, Fractionated vegetable fat, Milk solids, Cocoa solids (3.9%), Emulsifier (Soya lecithin), Raising agent (500(ii)), Yeast, Iodised salt, Flour treatment agent (516), Artificial (VANILLA CAKE) flavouring substance and Nature-Identical flavouring substance",100.0,32.2,22.8,,,,,
137,751,Nutella Hazelnut Spread with Cocoa,NUTELLA,SPREAD,CHOCOLATESPREAD,"Sugar, Palm Oil, Hazelnuts (13%), Skimmed Cow Milk Powder (8.7%), Low Fat Cocoa Powder (7.4%), Emulsifier (Lecithin - Ins 322), Nature Identical Flavouring Substance Vanillin",100.0,56.3,30.9,,,,,
138,472,Orbit Sugar-Free Mixed Fruit Chewing Gum Tube,ORBIT,CHOCOLATE,CHEWING GUM,"Gum Base (Contains Soyabean Lecithin), Colour [INS170 (i)], Binders [(INS 414), (INS 1401)], Humectant [INS 422], Sweetener [INS 950], Anticaking Agent [INS 553 (iii)], Glazing Agent [INS 903], Antioxidant [INS 320]",100.0,0,1.6,,,,,
139,234,Cadbury Chocobakes ChocLayered Cakes,OREO,CAKE,CAKE,"Cake (45%) - Refined Wheat Flour (Maida), Sugar, Humectants (420 (ii), 422, 1520), Palm Olein, Líquid Glucose, Milk Solids, Cocoa Solids, Starch, Emulsifiers (322, 475, 471, 491), Raising Agent (500(1),450), 341(1)), lodised Salt, Flavours (Natural Flavour, Nature Identical Flavouring Substances), Preservative (202), Stabilizer (415)); Chocolayer (29%) - Sugar, Hydrogenated Vegetable Oils, Milk Solids, Cocoa Solids, Emulsifiers (442,476)), Flavours (Nature Identical, Artificial (VANILLA CAKE and Caramel) Flavouring Substances); Filling (26%*) -(Sugar, Fractionated Fat, Liquid Glucose, Humectant (422, 1520), Water, Emulsifiers (322, 475, 471, 491), Cocoa Solids, Flavours (Natural flavour, Nature Identical Flavouring Substances), lodised Salt, Preservative (202)). Allergen Information: Contains Milk, Wheat, Sulphites and Soy.",100.0,40.3,21.9,,,,,
140,36,Cadbury Chocobakes ChocoChip Cookies,OREO,BISCUIT,COOKIES,"Refined wheat flour (maida), milk chocolate chips, sugar, cocoa butter, milk solids, cocoa solids, dextrose, emulsifiers (442),  natural identical and artificial VANILLA CAKE ,natural identical and artificial caramel , palmolein, invert sugar, raising agents 503(ii), raising agents 500(ii),  raising agents 450(i), iodised salt, emulsifier (322)",100.0,31.2,18,,,,,
141,711,Pillsbury Butterscotch Flavour Pancake Mix,PILLSBURY,INSTANT FOOD,PANCAKE MIX,"Refined Wheat Flour (Maida), Sugar, Butterscotch Bits (7.0%)[Sugar, Edible Vegetable Fat (Hydrogenated), Iodized Salt and Artificial Flavouring Substances (Butterscotch)], Edible Vegetable Oil (Palm), Baking Powder [INS500(ii), INS541(i)], Iodized Salt, Artificial Flavouring Substances (Caramel, Butterscotch) and Raising Agent [INS500(ii)]",100.0,20.6,5.8,,,,,
142,713,Pillsbury Chocolate Flavour Pancake Mix 2-Minute Pancake Mix For Kids,PILLSBURY,INSTANT FOOD,PANCAKE MIX,"Refined wheat flour (maida), Sugar, Edible vegetable oil (palm), Cocoa powder (3.7%), Baking powder [ins 500(ii), Ins 541(I)], Artificial flavouring substance (VANILLA CAKE, Chocolate), Milk solids, Lodized salt, Raising agent [ins 500(ii)] And colour (ins 150d)",100.0,27.9,5.3,,,,,
143,706,Pillsbury VANILLA CAKE Custard Powder,PILLSBURY,INSTANT FOOD,CUSTARD POWDER,"Cornflour, Lodised Salt, Nature Identical and Artificial Flavouring Substances - VANILLA CAKE, Colours - (INS 102, INS 110, INS 122)",100.0,0,0,,,,,
144,585,Pringles Imported Potato Chips - Ranch,PRINGLES,SNACKS,POTATOCHIPS,"Dried Potatoes, Vegetable Oil (Corn, Cottonseed, High Oleic Soyabean And/or Sunflower Oil), Degerminated Yellow Corn Flour, Cornstarch, Rice Flour, Maltodextrin, Mono And Diglycerides, Salt, Whey, Msg, Coconut Oil, Natural And Artificial Flavours, Garlic Powder, Onion Powder, Buttermilk, Cultured Nonfat Milk, Sour Cream, Citric Acid, Spices, Lactic Acid, Malic Acid, Sugar, Acetic Acid, Apple Cider",28.0,<1,9,,,,,
145,586,Pringles Imported Potato Crisps - BBQ,PRINGLES,SNACKS,POTATOCHIPS,"Dried Potatoes, Vegetable Oil (Corn, Cottonseed, Soybean, And/Or Sunflower Oil), Degerminated Yellow Corn, High Oleic Cornstarch, Rice Flour, Maltodextrin, Sugar, Mono- And Diglycerides, Citric Acid, Onion Powder, Spice, Garlic Powder, Yeast Extract, Salt, Tomato Powder, Monosodium Glutamate, Hydrolyzed Corn Protein, Malted Barley Flour, Malic Acid, flavours, Whey, Wheat Starch, Inosinate, Disodium Guanylate, Paprika Extract Colour, Natural Flavours, Contains Milk And Wheat Ingredients",28.0,1,9,,,,,
146,581,Pringles Potato Chips Desi Masala Tadka Flavour,PRINGLES,SNACKS,POTATOCHIPS,"Dried Potato (42%), Edible Vegetable Oil (Palm Oil), Corn Flour, Starch, Desi Masala Tadka Flavour Seasoning (5%) [Salt, Maltodextrin, Vegetable Powders (Onion Powder (6%), Garlic Powder (2.7%), Tomato Powder (1%)), Sugar, Spices (Black Pepper Powder, Ginger Powder, Turmeric Powder}, Flavouring Substances (Nature Identical), Acidity Regulators (INS 330, 296, 334), Anticaking Agent (INS 551). Stabiliser {INS 341 (iii)}, Preservative {INS 2620)}, Flavour Enhancers (INS 627, 631), Paprika Extract (0.3%),Emulsifier (INS 414)), Emulsifier (INS 471), Maltodextrin, Aciditi Regrulator (INS 330)",100.0,1.5,28.3,,,,,
147,313,Pringles Potato Chips Original Flavour,PRINGLES,SNACKS,CHIPS,"Corn Flour, Dried Potato, Edible Vegetable Oil (Palm Oil), Maltodextrin, Salt, Wheat Starch",100.0,0.4,27.9,,,,,
148,580,Pringles Potato Chips Original Flavour - Classic Salted,PRINGLES,SNACKS,POTATOCHIPS,"Dried Potato (44%), Edible Vegetable Oil (Palm Oil), Corn Flour, Starch, Emulsifier (INS 471), Maltodextrin, Salt, Acidity Regulator (INS 330) Contains wheat",100.0,0.4,27.9,,,,,
149,584,Pringles Potato Chips Peri Peri Flavour,PRINGLES,SNACKS,POTATOCHIPS,"Dried Potato (41 %), Edible Vegetable Oil (Palm Oil), Corn Flour, Starch, Peri Peri Seasoning (6.5%) [Maltodextrin, Salt, Sugar, Flavouring Substances (Natural & Nature Identical), Vegetable Powder (5%) (Garlic), Vinegar, Spices {Red Chilli Pepper, Cumin}, Acidity Regulator (INS 296), Flavour Enhancer (INS 635), Anticaking Agents {INS 341 (iii), 551), Spice Extracts (Green Chilli, Garlic, Paprika), Herb Extract (Oregano)], Emulsifier (INS 471), Maltodextrin, Acidity Regulator (INS 330) Contains Wheat, Soy and Milk",100.0,2,28.5,,,,,
150,582,Pringles Potato Chips Pizza Flavour,PRINGLES,SNACKS,POTATOCHIPS,"Dried Potato (42%), Edible Vegetable Oil (Palm Oil), Corn Flour, Starch, Pizza Flavour Seasoning (5.5%) [Salt, Cheese Blend (10%) {Cheese Powder, Whey Powder, Buttermilk Powder, Sweet Cream, Salt, Lactic Acid (INS 270)), Dextrose, Dried Vegetable Powders (6%) {Tomato Powder (2%), Onion Powder, Garlic Powder}, Sugar, Dried Fat Emulsion (Coconut Oil), Flavouring Substances (Artificial (Cheese & Smoke)), Maltodextrin, Herbs & Spices {Basil, Oregano, Fennel, Black Pepper}, Yeast Extract, Whey Powder, Acidity Regulators INS 296 330), Flavour Enhancer (INS 635), Anticaking Agent (INS 551)], Emulsifier (INS 471), Maltodextrin, Acidity Regulator (INS 330)",100.0,2.4,27.4,,,,,
151,583,Pringles Potato Chips Tangy Tomato Twist,PRINGLES,SNACKS,POTATOCHIPS,"Dried Potato (45%), Edible Vegetable Oil (Palm Oil). Corn Flour Starch, Tangy Tomato Twist Season (5.5%) [Sugar, Salt, Vegetable Powder (17%)(Tomato (6%). Onion (6%). 61 Spices & Herb (Cayenne, Corian(2%), Fennel), Black Rock Salt. Acidity Regulators (INS 330, 296), Anticaking Agent (INS 551), Flavour Enhancers (MSS 631), Stabilizer (INS 341(ii)l, Flavour Substance (Nature Identical), Edible Vegetable Oil (Coconut Oil, Palm Oil), Emulsifier (INS 414), Paprika, Emulsifier, Maltodextrin, Regulator (INS 330)",100.0,4.2,26.5,,,,,
152,718,Quaker Oats Breakfast Cereal,QUAKER,INSTANT FOOD,CEREAL,"Whole Grain Rolled Oats, Natural And Artificial Sugar, Calcium Carbonate, Salt, Iron, Thiamine, Folic Acid, Vitamin A And Riboflavin.",100.0,1.8,9.5,,,,,
153,191,Red Bull Energy Drink,RED BULL,JUICE,SODA,"Water, Sucrose, Glucose, Acidulant (Citric Acid), Carbon Dioxide, Taurine (0.4%), Acidity Regulators Sodium Bicarbonate,Acidity Regulators Magnesium Carbonate, Flavours (Natural and Artificial), Colour (Caramel), Caffeine (0.03%), Vitamins (Niacin, B6, B2, B12)",100.0,11,0,,,,,
154,475,Skittles Original Bite-Size Fruit Candy Tube,SKITTLES,CHOCOLATE,CANDY,"Sugar, Liquid Glucose, Edible Vegetable Oil (Palm Oil), Acidity Regulators (330, 331(iii)), Stabilizers (1400, 1450), Natural, Nature-Identical and Artificial (Orange, Strawberry) Flavouring Substances, Emulsifier (1422), Glazing Agents (903, 904), Colour (102, 129, 170(i), 110, 132, 133)",100.0,90,4.2,,,,,
155,474,Skittles Wildberry Bite-Size Fruit Flavoured Candy,SKITTLES,CHOCOLATE,CANDY,"Sugar, Liquid Glucose, Edible Vegetable Oil (Palm Oil), Acidity Regulators (INS 330, INS 331(iii)), Stabilizers (INS 1400, INS 1450), Natural, Nature-identical, and Artificial Flavouring Substances (Strawberry, Raspberry, Mixed Berry), Emulsifier (INS 1422), Glazing Agents (INS 903, INS 904), Colours (INS 129, INS 102, INS 170(i), INS 132, INS 133)",100.0,90,4.3,,,,,
156,404,Snickers Almond Filled CHOCOLATE BAR,SNICKERS,CHOCOLATE,CHOCOLATE BAR,"Milk Chocolate Coating (35%): Sugar, Milk Solids, Cocoa Butter, Cocoa solids, Lactose, Dextrose, Emulsifier (Soya Lecithin),Ethyl Vanillin; Centre Filling(65%): Milk Solids, Salt, Lactose, Milk Fat, Almonds, Glucose Syrup, Sugar, Hydrogenated egetable Oil (Palm Oil),Cocoa Butter, Cocoa solid Dextrose, Emulsifier (Soya Lecithin), Ethyl vanillin.",100.0,53,24,,,,,
157,393,"Snickers Filled with Brownie, Peanuts & Caramel CHOCOLATE BAR",SNICKERS,CHOCOLATE,CHOCOLATE BAR,"Milk chocolate (35%): (Sugar, Milk solids, Cocoa butter, Cocoa solids, Dextrose, Edible vegetable fat <5% (Sal fat, Palm oil), Emulsifier (322)); Centre filling (65%): (Liquid glucose, Peanuts (13%), Sugar, Cocoa solids (9.6%), Milk solids, Edible vegetable fat (Palm oil, Sesame oil), Invert sugar, lodized salt, Nature identical flavour, Cocoa butter, Emulsifier (322)).",100.0,50.3,26.1,,,,,
158,372,Snickers Peanut Filled CHOCOLATE BAR Loaded with Delicious Roasted Peanuts,SNICKERS,CHOCOLATE,CHOCOLATE BAR,"Sugar, Milk Solids, Cocoa Butter, Cocoa Solids, Edible Vegetable Fats (Sal Fat, Palm Oil), Dextrose, Emulsifier (INS 322), Liquid Glucose, Peanuts, Hydrogenated Vegetable Oil (Palm Oil), Iodized Salt",100.0,51.84,25.1,,,,,
159,183,Sprite Lemon and Lime Soft Drink,SPRITE,JUICE,SODA,"Acidity Regulators INS 330,Acidity Regulators INS 331(III), Carbonated Water, Flavours (Natural Flavoring Substances), Preservative (INS 211), Sugar",100.0,11.7,0,,,,,
160,738,Tabasco Red Pepper Sauce,TABASCO,SAUCE,RED PEPPER SAUCE,"Aged red peppers, salt, and distilled vinegar",100.0,1,<1,,,,,
161,169,Thums Up X Force,THUMS UP,JUICE,SODA,"Carbonated Water, Acidity Regulator (338), Caffeine, Colour (150d), Preservative (211), Sweeteners 955,Sweeteners 950,  Flavours (Natural, Nature Identical, Artificial (Cola) Flavouring Substances)",100.0,0,0,,,,,
162,537,Tic Tac Candy - Red Apple Treat,TIC TAC,CHOCOLATE,CANDY,"Mint, Red Apple Flavour, Sugar, Dextrins - Stabilizers (INS 1400), Rice Starch, Thickener (INS 414), Fructose, Glazing Agent (INS 903)",100.0,91.4,0.2,,,,,
163,531,Tic Tac Orange Hard Candy,TIC TAC,CHOCOLATE,CANDY,"Sugar, Maltodextrin, Permitted Acidulant (INS 33), Rice Starch, Flavours (Natural Flavour and Nature-Identical Flavouring Substances), Thickener (INS 414), Anticaking Agent (INS 47 (i)), Glazing Agent (INS 93)",100.0,93.3,0.7,,,,,
164,476,Tic Tac Seeds Fennel (Saunf),TIC TAC,CHOCOLATE,CANDY,"Sugar, Fennel Seeds Powder, Maltodextrin, Thickener (INS 414), Rice Starch, Anticaking Agent (INS 470(i)), Natural Flavours, Glazing Agent (INS 903)",100.0,85,1.5,,,,,
165,480,Tic Tac Seeds Jeera Blacksalt,TIC TAC,CHOCOLATE,CANDY,"Sugar, Maltodextrin, Cumin Seeds Powder (1.8%), Thickener (INS 414), Rice Starch, Black Salt Kala Namak (0.6%), Natural and Natural Identical Flavours, Water, Anticaking Agent (INS 470(iii)), Glazing Agent (INS 903)",100.0,86.8,0.8,,,,,
166,426,Toblerone Black Chocolate,TOBLERONE,CHOCOLATE,CHOCOLATE,"Cocoa Mass, Sugar, Milk Fat, Honey (3%), Almonds (1.6%), Cocoa Butter, Emulsifier (Soya Lecithin), Egg White",33.0,17,10,,,,,
167,444,Toblerone Fruit & Nut Chocolate,TOBLERONE,CHOCOLATE,CHOCOLATE BAR,"Sugar, Whole Milk Powder, Cocoa Butter, Raisins (12%), Cocoa Mass, Honey (3%), Milk Fat, Almonds (1.6%), Emulsifier (Soy Lecithin ), Egg White, Flavouring (Vanillin ), Milk Chocolate Contains Cocoa Solids 28% Minimum. Contains Milk, Tree Nuts (Almonds), Soy, Egg.",100.0,61,25,,,,,
168,142,Tropicana Delight Cranberry Fruit Juice,TROPICANA,JUICE,FRUIT BEVERAGE,"Water, Sugar, Concentrated Cranberry Juice (1.6%), Concentrated Apple Juice (1.5%), Concentrated Red Grape Juice (1.1%), Concentrated Pomegranate Juice, Salt, Acidity Regulator (296), Sweetener (960)",100.0,10.5,0,,,,,
169,131,Tropicana Delight Guava Fruit Juice,TROPICANA,JUICE,FRUIT BEVERAGE,"Water, Guava Pulp (22%), Sugar, Acidity Regulator (330), Flavour (Natural and Nature Identical Flavouring Substances), Antioxidant (300), Colour (160a)",100.0,13.5,0,,,,,
170,132,Tropicana Delight Mixed Fruit Juice,TROPICANA,JUICE,FRUIT BEVERAGE,"Water, Sugar, Concentrated Mixed Fruit Juice (6.1%) , Apple, Mango, Guava, Orange, Banana, Apricot, Peach, Acidity Regulator (330), Stabilizers 466,Stabilizers 440, Iodised Salt, Flavour (Natural and Nature Identical Flavouring Substances), Sweetener (960a), Colour (160a(i))",100.0,10.2,0,,,,,
171,366,Twix Minis Cookie Caramel Chocolate Pack,TWIX,CHOCOLATE,CHOCOLATE BAR,"Sugar, Liquid Glucose, Refined Wheat Flour (Maida) (17%), Edible Vegetable Fat (Palm Fat), Milk Solids, Cocoa Butter, Cocoa Solids, Salt, Emulsifier (Ins 322), Raising Agent (Ins 500), and Natural Flavour (VANILLA CAKE)",100.0,48,23.7,,,,,
172,446,Wedel Milk CHOCOLATE BAR,WEDEL,CHOCOLATE,CHOCOLATE BAR,"Sugar, Cocoa Butter, Dried Whole Milk, Cocoa Mass, Dried Whey (From Milk), Lactose and Milk Proteins, Hazelnut Paste, Milk Fat, Emulsifier (Lecithins), Flavouring",100.0,57,30,,,,,
